{
    "@context": "http://schema.org",
    "@type": "Trip",
    "name": "A route 2",
    "itinerary": {
        "@type": "ItemList",
        "numberOfItems": 4,
        "itemListOrder": "http://schema.org/ItemListOrderDescending",
        "itemListElement": [
            {
                "@type": "GeoCoordinates",
                "latitude": 43.368307,
                "longitude": -5.531413
            },
            {
                "@type": "GeoCoordinates",
                "latitude": 43.36887,
                "longitude": -5.527693
            },
            {
                "@type": "GeoCoordinates",
                "latitude":  43.370588,
                "longitude": -5.523303
            },
            {
                "@type": "GeoCoordinates",
                "latitude": 43.370383 ,
                "longitude": -5.517821
            }
        ]
    }
}